{"cameraMode":{"drawMode":0,"name":"Shaded","section":"Shading Mode"},"sceneLighting":true,"audioPlay":false,"sceneViewState":{"showFog":true,"showMaterialUpdate":false,"showSkybox":true,"showFlares":true,"showImageEffects":true,"showParticleSystems":true},"in2DMode":false,"pivot":{"x":-103.65477752685547,"y":-42.86231994628906,"z":86.99667358398438},"rotation":{"x":0.13038727641105653,"y":0.14285609126091004,"z":-0.019018081948161126,"w":0.9809330701828003},"size":337.8514404296875,"orthographic":false}